"Crack: Cocaine, Corruption & Conspiracy",Stanley Nelson,United States,1/01/2021,2021,11/01/2021,TV-MA,90,Entre 1 y 2 horas
What Happened to Mr. Cha?,Kim Dong-kyu,South Korea,1/01/2021,2021,1/01/2021,TV-MA,102,Entre 1 y 2 horas
What Would Sophia Loren Do?,Ross Kauffman,United States,1/01/2021,2021,15/01/2021,TV-14,32,Menos 1 hora
#Alive,Cho Il,South Korea,1/01/2020,2020,8/09/2020,TV-MA,99,Entre 1 y 2 horas
#cats_the_mewvie,Michael Margolis,Canada,1/01/2020,2020,5/02/2020,TV-14,90,Entre 1 y 2 horas
#FriendButMarried 2,Rako Prijanto,Indonesia,1/01/2020,2020,28/06/2020,TV-G,104,Entre 1 y 2 horas
Òlòtūré,Kenneth Gyang,Nigeria,1/01/2020,2020,2/10/2020,TV-MA,107,Entre 1 y 2 horas
100% Halal,Jastis Arimba,Indonesia,1/01/2020,2020,7/01/2021,TV-14,101,Entre 1 y 2 horas
18 Presents,Francesco Amato,Italy,1/01/2020,2020,8/05/2020,TV-MA,114,Entre 1 y 2 horas
365 Days,"Barbara Białowąs, Tomasz Mandes",Poland,1/01/2020,2020,7/06/2020,TV-MA,114,Entre 1 y 2 horas
37 Seconds,Hikari,Japan,1/01/2020,2020,31/01/2020,TV-MA,116,Entre 1 y 2 horas
A Babysitter's Guide to Monster Hunting,Rachel Talalay,United States,1/01/2020,2020,15/10/2020,TV-PG,99,Entre 1 y 2 horas
A California Christmas,Shaun Paul Piccinino,United States,1/01/2020,2020,14/12/2020,PG-13,107,Entre 1 y 2 horas
A Choo,"Kevin Ko, Peter Tsi",Taiwan,1/01/2020,2020,14/10/2020,TV-14,101,Entre 1 y 2 horas
A Fall from Grace,Tyler Perry,United States,1/01/2020,2020,17/01/2020,TV-MA,121,Más 2 horas
A Go! Go! Cory Carson Christmas,"Stanley Moore, Alex Woo",United States,1/01/2020,2020,27/11/2020,TV-Y,22,Menos 1 hora
A Life of Speed: The Juan Manuel Fangio Story,Francisco Macri,Argentina,1/01/2020,2020,20/03/2020,TV-14,93,Entre 1 y 2 horas
A Love Song for Latasha,Sophia Nahli Allison,United States,1/01/2020,2020,21/09/2020,TV-PG,20,Menos 1 hora
A New York Christmas Wedding,Otoja Abit,United States,1/01/2020,2020,5/11/2020,TV-MA,90,Entre 1 y 2 horas
A Secret Love,Chris Bolan,United States,1/01/2020,2020,29/04/2020,TV-14,83,Entre 1 y 2 horas
A truthful Mother,Ravishankar Venkateswaran,India,1/01/2020,2020,31/03/2020,TV-Y7,85,Entre 1 y 2 horas
A Whisker Away,"Junichi Sato, Tomotaka Shibayama",Japan,1/01/2020,2020,18/06/2020,TV-PG,104,Entre 1 y 2 horas
Adú,Salvador Calvo,Spain,1/01/2020,2020,1/07/2020,TV-MA,120,Entre 1 y 2 horas
Afonso Padilha: Classless,"Junior Carelli, Rudge Campos",Brazil,1/01/2020,2020,3/09/2020,TV-MA,63,Entre 1 y 2 horas
After We Collided,Roger Kumble,United States,1/01/2020,2020,22/12/2020,R,105,Entre 1 y 2 horas
Airplane Mode,César Rodrigues,United States,1/01/2020,2020,23/01/2020,TV-PG,97,Entre 1 y 2 horas
AK vs AK,Vikramaditya Motwane,India,1/01/2020,2020,25/12/2020,TV-MA,109,Entre 1 y 2 horas
Ala Vaikunthapurramuloo,Trivikram Srinivas,India,1/01/2020,2020,27/02/2020,TV-14,162,Más 2 horas
Alex Fernández: The Best Comedian in the World,Alex Díaz,Mexico,1/01/2020,2020,23/01/2020,TV-MA,51,Menos 1 hora
Alien Xmas,Stephen Chiodo,United States,1/01/2020,2020,20/11/2020,TV-Y,42,Menos 1 hora
All Because of You,Adrian Teh,Malaysia,1/01/2020,2020,1/10/2020,TV-PG,102,Entre 1 y 2 horas
All Day and a Night,Joe Robert Cole,United States,1/01/2020,2020,1/05/2020,R,122,Más 2 horas
All The Bright Places,Brett Haley,United States,1/01/2020,2020,28/02/2020,TV-MA,109,Entre 1 y 2 horas
All the Freckles in the World,Yibrán Asuad,Mexico,1/01/2020,2020,3/01/2020,TV-14,90,Entre 1 y 2 horas
All Together Now,Brett Haley,United States,1/01/2020,2020,29/08/2020,PG,94,Entre 1 y 2 horas
Almost Love,Mike Doyle,United States,1/01/2020,2020,2/08/2020,TV-MA,92,Entre 1 y 2 horas
American Murder: The Family Next Door,Jenny Popplewell,United States,1/01/2020,2020,30/09/2020,TV-MA,84,Entre 1 y 2 horas
American Pie 9: Girls' Rules,Mike Elliott,United States,1/01/2020,2020,6/10/2020,R,96,Entre 1 y 2 horas
An Unremarkable Christmas,Juan Camilo Pinzon,Colombia,1/01/2020,2020,17/12/2020,TV-14,83,Entre 1 y 2 horas
Andhakaaram,V Vignarajan,India,1/01/2020,2020,24/11/2020,TV-14,171,Más 2 horas
André & his olive tree,Josiah Ng,Singapore,1/01/2020,2020,8/12/2020,TV-PG,104,Entre 1 y 2 horas
Anelka: Misunderstood,Franck Nataf,France,1/01/2020,2020,5/08/2020,TV-14,95,Entre 1 y 2 horas
Angela's Christmas Wish,Damien O’Connor,United States,1/01/2020,2020,1/12/2020,TV-Y,48,Menos 1 hora
Ari Eldjárn: Pardon My Icelandic,August Jakobsson,Iceland,1/01/2020,2020,2/12/2020,TV-MA,54,Menos 1 hora
"Ariana grande: excuse me, i love you",Paul Dugdale,United States,1/01/2020,2020,21/12/2020,TV-MA,98,Entre 1 y 2 horas
Asphalt Burning,Hallvard Bræin,Norway,1/01/2020,2020,2/01/2021,TV-14,101,Entre 1 y 2 horas
Asura Guru,A. Raajdheep,India,1/01/2020,2020,13/06/2020,TV-14,117,Entre 1 y 2 horas
Athlete A,"Bonni Cohen, Jon Shenk",United States,1/01/2020,2020,24/06/2020,PG-13,104,Entre 1 y 2 horas
Ava,Tate Taylor,United States,1/01/2020,2020,7/12/2020,R,97,Entre 1 y 2 horas
Axone,Nicholas Kharkongor,India,1/01/2020,2020,12/06/2020,TV-MA,101,Entre 1 y 2 horas
Banana Split,Ben Kasulke,United States,1/01/2020,2020,26/07/2020,TV-MA,84,Entre 1 y 2 horas
Barbie Princess Adventure,Conrad Helten,United States,1/01/2020,2020,1/09/2020,TV-Y,72,Entre 1 y 2 horas
Becoming,Nadia Hallgren,United States,1/01/2020,2020,6/05/2020,PG,89,Entre 1 y 2 horas
Ben Platt Live from Radio City Music Hall,"Alex Timbers, Sam Wrench",United States,1/01/2020,2020,20/05/2020,TV-PG,85,Entre 1 y 2 horas
"Berlin, Berlin: Lolle on the Run",Franziska Meyer Price,Germany,1/01/2020,2020,7/08/2020,TV-MA,82,Entre 1 y 2 horas
Bert Kreischer: Hey Big Boy,Jeff Tomsic,United States,1/01/2020,2020,17/03/2020,TV-MA,62,Entre 1 y 2 horas
"Best Wishes, Warmest Regards: A Schitt's Creek Farewell",Amy Segal,Canada,1/01/2020,2020,3/10/2020,TV-MA,44,Menos 1 hora
Bheeshma,Venky Kudumula,India,1/01/2020,2020,25/04/2020,TV-14,138,Más 2 horas
Bigflo & Oli: Hip Hop Frenzy,"Bigflo & Oli, Jérémie Levypon",France,1/01/2020,2020,8/10/2020,TV-MA,100,Entre 1 y 2 horas
BLACKPINK: Light Up the Sky,Caroline Suh,United States,1/01/2020,2020,14/10/2020,TV-14,80,Entre 1 y 2 horas
Bobbleheads The Movie,Kirk Wise,United States,1/01/2020,2020,8/12/2020,PG,83,Entre 1 y 2 horas
Bulbbul,Anvita Dutt,India,1/01/2020,2020,24/06/2020,TV-MA,94,Entre 1 y 2 horas
Bulletproof 2,Don Michael Paul,United States,1/01/2020,2020,9/01/2020,TV-MA,97,Entre 1 y 2 horas
Cadaver,Jarand Herdal,Norway,1/01/2020,2020,22/10/2020,TV-MA,87,Entre 1 y 2 horas
Canvas,Frank E. Abney III,United States,1/01/2020,2020,11/12/2020,G,9,Menos 1 hora
Captain Underpants Mega Blissmas,"Erik Kling, Kevin Peaty",United States,1/01/2020,2020,4/12/2020,TV-Y7,46,Menos 1 hora
Cargo,Arati Kadav,India,1/01/2020,2020,9/09/2020,TV-14,113,Entre 1 y 2 horas
Chaman Bahaar,Apurva Dhar Badgaiyann,India,1/01/2020,2020,19/06/2020,TV-MA,112,Entre 1 y 2 horas
Chippa,Safdar Rahman,India,1/01/2020,2020,1/06/2020,TV-14,92,Entre 1 y 2 horas
Choked: Paisa Bolta Hai,Anurag Kashyap,India,1/01/2020,2020,5/06/2020,TV-14,114,Entre 1 y 2 horas
Chris D'Elia: No Pain,Matt D'Elia,United States,1/01/2020,2020,14/04/2020,TV-MA,55,Menos 1 hora
Christmas Crossfire,Detlev Buck,Germany,1/01/2020,2020,4/12/2020,TV-MA,106,Entre 1 y 2 horas
Circus of Books,Rachel Mason,United States,1/01/2020,2020,22/04/2020,TV-MA,87,Entre 1 y 2 horas
Citation,Kunle Afolayan,Nigeria,1/01/2020,2020,6/11/2020,TV-MA,151,Más 2 horas
Class of '83,Atul Sabharwal,India,1/01/2020,2020,21/08/2020,TV-14,98,Entre 1 y 2 horas
Coffee & Kareem,Michael Dowse,United States,1/01/2020,2020,3/04/2020,TV-MA,88,Entre 1 y 2 horas
Cops and Robbers,"Arnon Manor, Timothy Ware-Hill",United States,1/01/2020,2020,28/12/2020,PG-13,8,Menos 1 hora
Crazy Awesome Teachers,Sammaria Sari Simanjuntak,Indonesia,1/01/2020,2020,17/08/2020,TV-PG,102,Entre 1 y 2 horas
Cuties,Maïmouna Doucouré,France,1/01/2020,2020,9/09/2020,TV-MA,96,Entre 1 y 2 horas
Da 5 Bloods,Spike Lee,United States,1/01/2020,2020,12/06/2020,R,156,Más 2 horas
Dad Wanted,Javier Colinas,Mexico,1/01/2020,2020,11/09/2020,TV-14,103,Entre 1 y 2 horas
Dance Dreams: Hot Chocolate Nutcracker,Oliver Bokelberg,United States,1/01/2020,2020,27/11/2020,TV-G,81,Entre 1 y 2 horas
Dangerous Lies,Michael M. Scott,United States,1/01/2020,2020,30/04/2020,TV-14,97,Entre 1 y 2 horas
Dark Forces,Bernardo Arellano,Mexico,1/01/2020,2020,21/08/2020,TV-MA,81,Entre 1 y 2 horas
David Batra: Elefanten i rummet,"David Batra, Jon Rudberg",Sweden,1/01/2020,2020,1/04/2020,TV-MA,77,Entre 1 y 2 horas
Death Can Wait,Fernando Ayllón,Colombia,1/01/2020,2020,2/05/2020,TV-14,91,Entre 1 y 2 horas
Death to 2020,"Al Campbell, Alice Mathias",United States,1/01/2020,2020,27/12/2020,TV-MA,71,Entre 1 y 2 horas
Desperados,LP,United States,1/01/2020,2020,3/07/2020,TV-MA,107,Entre 1 y 2 horas
Dick Johnson Is Dead,Kirsten Johnson,United States,1/01/2020,2020,2/10/2020,PG-13,90,Entre 1 y 2 horas
Dolly Kitty Aur Woh Chamakte Sitare,Alankrita Shrivastava,India,1/01/2020,2020,18/09/2020,TV-MA,120,Entre 1 y 2 horas
Dolly Parton’s Christmas on the Square,Debbie Allen,United States,1/01/2020,2020,22/11/2020,TV-PG,99,Entre 1 y 2 horas
Don’t Listen,Ángel Gómez Hernández,Spain,1/01/2020,2020,27/11/2020,TV-MA,98,Entre 1 y 2 horas
Door Ke Darshan,Gagan Puri,India,1/01/2020,2020,25/07/2020,TV-14,114,Entre 1 y 2 horas
Double Dad,Cris D'Amato,Brazil,1/01/2020,2020,15/01/2021,TV-G,105,Entre 1 y 2 horas
Double World,Teddy Chan,China,1/01/2020,2020,25/07/2020,TV-14,110,Entre 1 y 2 horas
Dragonheart: Vengeance,Ivan Silvestrini,United States,1/01/2020,2020,4/02/2020,PG-13,97,Entre 1 y 2 horas
Dragons: Rescue Riders: Hunt for the Golden Dragon,"TJ Sullivan, Greg Rankin",United States,1/01/2020,2020,27/03/2020,TV-Y,46,Menos 1 hora
Dragons: Rescue Riders: Huttsgalor Holiday,"Greg Rankin, TJ Sullivan",United States,1/01/2020,2020,24/11/2020,TV-Y,46,Menos 1 hora
Dragons: Rescue Riders: Secrets of the Songwing,"Greg Rankin, TJ Sullivan",United States,1/01/2020,2020,24/07/2020,TV-Y,46,Menos 1 hora
Elf Pets: A Fox Cub’s Christmas Tale,Chanda Bell,United States,1/01/2020,2020,1/11/2020,TV-Y,28,Menos 1 hora
Elf Pets: Santa’s Reindeer Rescue,Chanda Bell,United States,1/01/2020,2020,1/11/2020,TV-Y,27,Menos 1 hora
Enola Holmes,Harry Bradbeer,United Kingdom,1/01/2020,2020,23/09/2020,PG-13,124,Más 2 horas
Eric Andre: Legalize Everything,Eric Notarnicola,United States,1/01/2020,2020,23/06/2020,TV-MA,52,Menos 1 hora
Eurovision Song Contest: The Story of Fire Saga,David Dobkin,United States,1/01/2020,2020,26/06/2020,PG-13,124,Más 2 horas
Extraction,Sam Hargrave,United States,1/01/2020,2020,24/04/2020,R,117,Entre 1 y 2 horas
Fat Ballerina - David A. Arnold,Milton Horowitz,United States,1/01/2020,2020,2/03/2020,TV-MA,61,Entre 1 y 2 horas
Fatal Affair,Peter Sullivan,United States,1/01/2020,2020,16/07/2020,TV-14,90,Entre 1 y 2 horas
Father Soldier Son,"Leslye Davis, Catrin Einhorn",United States,1/01/2020,2020,17/07/2020,R,100,Entre 1 y 2 horas
Fearless,Cory Edwards,Canada,1/01/2020,2020,14/08/2020,TV-Y7,92,Entre 1 y 2 horas
Feel the Beat,Elissa Down,United States,1/01/2020,2020,19/06/2020,TV-G,110,Entre 1 y 2 horas
Felix Lobrecht: Hype,Jan-Peter Horns,Germany,1/01/2020,2020,3/11/2020,TV-MA,60,Entre 1 y 2 horas
Fierce,Anna Wieczur-Bluszcz,Poland,1/01/2020,2020,2/12/2020,TV-MA,118,Entre 1 y 2 horas
Finding Agnes,Marla M. Ancheta,Philippines,1/01/2020,2020,30/11/2020,TV-PG,106,Entre 1 y 2 horas
Forensic,"Akhil Paul, Anas Khan",India,1/01/2020,2020,7/06/2020,TV-14,132,Más 2 horas
Fortune Feimster: Sweet & Salty,Krysia Plonka,United States,1/01/2020,2020,21/01/2020,TV-MA,61,Entre 1 y 2 horas
Freaks – You're One of Us,Felix Binder,Germany,1/01/2020,2020,2/09/2020,TV-MA,93,Entre 1 y 2 horas
Fukrey Boyzzz: Space Mein Fukrapanti,Avinash Walzade,India,1/01/2020,2020,13/11/2020,TV-Y7,75,Entre 1 y 2 horas
Full Out 2: You Got This!,Jeff Deverett,United States,1/01/2020,2020,1/01/2021,TV-Y,91,Entre 1 y 2 horas
George Lopez: We'll Do It For Half,Troy Miller,United States,1/01/2020,2020,30/06/2020,TV-MA,52,Menos 1 hora
Ghost Stories,"Anurag Kashyap, Dibakar Banerjee, Karan Johar, Zoya Akhtar",India,1/01/2020,2020,1/01/2020,TV-MA,145,Más 2 horas
Ghosts of War,Eric Bress,United Kingdom,1/01/2020,2020,25/11/2020,R,95,Entre 1 y 2 horas
GIMS: On the Record,Florent Bodin,France,1/01/2020,2020,17/09/2020,TV-MA,96,Entre 1 y 2 horas
Ginny Weds Sunny,Puneet Khanna,India,1/01/2020,2020,9/10/2020,TV-MA,126,Más 2 horas
Girl's Revenge,Weica Wang,Taiwan,1/01/2020,2020,6/11/2020,TV-MA,82,Entre 1 y 2 horas
Giving Voice,"James D. Stern, Fernando Villena",United States,1/01/2020,2020,11/12/2020,PG-13,91,Entre 1 y 2 horas
Go Karts,Owen Trevor,Australia,1/01/2020,2020,13/03/2020,TV-PG,103,Entre 1 y 2 horas
Go! Go! Cory Carson: The Chrissy,"Alex Woo, Stanley Moore",United States,1/01/2020,2020,1/05/2020,TV-Y,42,Menos 1 hora
Guest House,Sam Macaroni,United States,1/01/2020,2020,18/12/2020,R,84,Entre 1 y 2 horas
Guillermo Vilas: Settling the Score,Matías Gueilburt,Argentina,1/01/2020,2020,27/10/2020,TV-14,95,Entre 1 y 2 horas
Guilty,Ruchi Narain,India,1/01/2020,2020,6/03/2020,TV-MA,120,Entre 1 y 2 horas
Gunjan Saxena: The Kargil Girl,Sharan Sharma,India,1/01/2020,2020,12/08/2020,TV-14,113,Entre 1 y 2 horas
Hannah Gadsby: Douglas,Madeleine Parry,Australia,1/01/2020,2020,26/05/2020,TV-MA,73,Entre 1 y 2 horas
Har Kisse Ke Hisse: Kaamyaab,Hardik Mehta,India,1/01/2020,2020,2/05/2020,TV-14,105,Entre 1 y 2 horas
Hard Kill,Matt Eskandari,United States,1/01/2020,2020,23/11/2020,R,98,Entre 1 y 2 horas
Have a Good Trip: Adventures in Psychedelics,Donick Cary,United States,1/01/2020,2020,11/05/2020,TV-MA,86,Entre 1 y 2 horas
Hillbilly Elegy,Ron Howard,United States,1/01/2020,2020,24/11/2020,R,117,Entre 1 y 2 horas
His House,Remi Weekes,United Kingdom,1/01/2020,2020,30/10/2020,TV-14,93,Entre 1 y 2 horas
Holidate,John Whitesell,United States,1/01/2020,2020,28/10/2020,TV-MA,105,Entre 1 y 2 horas
Horrid Henry's Gross Day Out,Gary Andrews,United Kingdom,1/01/2020,2020,17/09/2020,TV-Y,61,Entre 1 y 2 horas
Horse Girl,Jeff Baena,United States,1/01/2020,2020,7/02/2020,R,104,Entre 1 y 2 horas
Hubie Halloween,Steve Brill,United States,1/01/2020,2020,7/10/2020,PG-13,104,Entre 1 y 2 horas
I Am Vengeance: Retaliation,Ross Boyask,United Kingdom,1/01/2020,2020,17/10/2020,R,82,Entre 1 y 2 horas
I'm Thinking of Ending Things,Charlie Kaufman,United States,1/01/2020,2020,4/09/2020,R,135,Más 2 horas
If Anything Happens I Love You,"Will McCormack, Michael Govier",United States,1/01/2020,2020,20/11/2020,PG,13,Menos 1 hora
Intuition,Alejandro Montiel,Argentina,1/01/2020,2020,28/05/2020,TV-MA,116,Entre 1 y 2 horas
Isi & Ossi,Oliver Kienle,Germany,1/01/2020,2020,14/02/2020,TV-MA,113,Entre 1 y 2 horas
Jack Whitehall: I'm Only Joking,"Dave Skinner, Freddie Waters",United Kingdom,1/01/2020,2020,21/07/2020,TV-MA,58,Menos 1 hora
Jai Mummy Di,Navjot Gulati,India,1/01/2020,2020,14/03/2020,TV-MA,101,Entre 1 y 2 horas
Jerry Seinfeld: 23 Hours To Kill,Joe DeMaio,United States,1/01/2020,2020,5/05/2020,TV-PG,61,Entre 1 y 2 horas
Jingle Jangle: A Christmas Journey,David E. Talbert,United States,1/01/2020,2020,13/11/2020,PG,124,Más 2 horas
Jo Koy: In His Elements,Michael McKay,United States,1/01/2020,2020,12/06/2020,TV-MA,55,Menos 1 hora
John Henry,Will Forbes,United States,1/01/2020,2020,9/05/2020,R,92,Entre 1 y 2 horas
Just Another Christmas,Roberto Santucci,Brazil,1/01/2020,2020,3/12/2020,TV-MA,101,Entre 1 y 2 horas
Kaali Khuhi,Terrie Samundra,India,1/01/2020,2020,30/10/2020,TV-14,91,Entre 1 y 2 horas
Kannum Kannum Kollaiyadithaal,Desingh Periyasamy,India,1/01/2020,2020,29/03/2020,TV-14,160,Más 2 horas
Kappela,Musthafa,India,1/01/2020,2020,22/06/2020,TV-14,112,Entre 1 y 2 horas
Kenny Sebastian: The Most Interesting Person in the Room,Angshuman Ghosh,India,1/01/2020,2020,29/05/2020,TV-MA,68,Entre 1 y 2 horas
Kevin Hart: Zero F**ks Given,Leslie Small,United States,1/01/2020,2020,17/11/2020,TV-MA,70,Entre 1 y 2 horas
Kiss the Ground,"Joshua Tickell, Rebecca Harrell Tickell",United States,1/01/2020,2020,22/09/2020,TV-G,85,Entre 1 y 2 horas
Krishna and His Leela,Ravikanth Perepu,India,1/01/2020,2020,25/06/2020,TV-MA,126,Más 2 horas
Larry the Cable Guy: Remain Seated,Brian Volk-Weiss,United States,1/01/2020,2020,26/11/2020,TV-14,68,Entre 1 y 2 horas
Latte and the Magic Waterstone,"Regina Welker, Nina Wels",Germany,1/01/2020,2020,31/07/2020,TV-Y,83,Entre 1 y 2 horas
Leslie Jones: Time Machine,"David Benioff, D.B. Weiss",United States,1/01/2020,2020,14/01/2020,TV-MA,66,Entre 1 y 2 horas
"Live Twice, Love Once",Maria Ripoll,Spain,1/01/2020,2020,7/01/2020,TV-MA,102,Entre 1 y 2 horas
London Hughes: To Catch a D*ck,Kristian Mercado,United States,1/01/2020,2020,22/12/2020,TV-MA,68,Entre 1 y 2 horas
Lost Bullet,Guillaume Pierret,France,1/01/2020,2020,19/06/2020,TV-MA,93,Entre 1 y 2 horas
Lost Girls,Liz Garbus,United States,1/01/2020,2020,13/03/2020,R,95,Entre 1 y 2 horas
Love Aaj Kal,Imtiaz Ali,India,1/01/2020,2020,27/04/2020,TV-MA,140,Más 2 horas
Love Like the Falling Rain,Lasja Fauzia Susatyo,Indonesia,1/01/2020,2020,15/10/2020,TV-14,87,Entre 1 y 2 horas
"Love, Guaranteed",Mark Steven Johnson,United States,1/01/2020,2020,3/09/2020,TV-PG,91,Entre 1 y 2 horas
Luccas Neto em: Acampamento de Férias 2,Lucas Margutti,Brazil,1/01/2020,2020,4/05/2020,TV-G,81,Entre 1 y 2 horas
Ludo,Anurag Basu,India,1/01/2020,2020,12/11/2020,TV-MA,150,Más 2 horas
Ma Rainey's Black Bottom,George C. Wolfe,United States,1/01/2020,2020,18/12/2020,R,94,Entre 1 y 2 horas
Making The Witcher,Nathan Wiley,United States,1/01/2020,2020,26/08/2020,TV-MA,33,Menos 1 hora
Making Unorthodox,Marlene Melchior,Germany,1/01/2020,2020,26/03/2020,TV-G,21,Menos 1 hora
Malang,Mohit Suri,India,1/01/2020,2020,14/05/2020,TV-MA,131,Más 2 horas
Malibu Rescue: The Next Wave,Savage Steve Holland,United States,1/01/2020,2020,4/08/2020,TV-G,71,Entre 1 y 2 horas
Maniyarayile Ashokan,Shamzu Zayba,India,1/01/2020,2020,31/08/2020,TV-14,110,Entre 1 y 2 horas
MANK,David Fincher,United States,1/01/2020,2020,4/12/2020,R,133,Más 2 horas
Marc Maron: End Times Fun,Lynn Shelton,United States,1/01/2020,2020,10/03/2020,TV-MA,71,Entre 1 y 2 horas
Masameer - The Movie,Malik Nejer,Saudi Arabia,1/01/2020,2020,19/03/2020,TV-14,100,Entre 1 y 2 horas
Maska,Neeraj Udhwani,India,1/01/2020,2020,27/03/2020,TV-MA,112,Entre 1 y 2 horas
Maurício Meirelles: Generating Chaos,Diego Pignataro,Brazil,1/01/2020,2020,16/04/2020,TV-MA,63,Entre 1 y 2 horas
Michael McIntyre: Showman,Chris Howe,United Kingdom,1/01/2020,2020,15/09/2020,TV-MA,63,Entre 1 y 2 horas
Michelle Buteau: Welcome to Buteaupia,Page Hurwitz,United States,1/01/2020,2020,29/09/2020,TV-MA,59,Menos 1 hora
Midnight at the Magnolia,Maxwell McGuire,Canada,1/01/2020,2020,5/11/2020,TV-G,87,Entre 1 y 2 horas
Mighty Express: A Mighty Christmas,Clint Butler,Canada,1/01/2020,2020,5/12/2020,TV-Y,26,Menos 1 hora
Milea,"Fajar Bustomi, Pidi Baiq",Indonesia,1/01/2020,2020,13/06/2020,TV-14,100,Entre 1 y 2 horas
Miss Americana,Lana Wilson,United States,1/01/2020,2020,31/01/2020,TV-MA,85,Entre 1 y 2 horas
Miss India,Narendra Nath,India,1/01/2020,2020,4/11/2020,TV-PG,136,Más 2 horas
Money Heist: The Phenomenon,"Pablo Lejarreta, Luis Alfaro",Spain,1/01/2020,2020,3/04/2020,TV-MA,57,Menos 1 hora
Mosul,Matthew Michael Carnahan,United States,1/01/2020,2020,26/11/2020,TV-MA,103,Entre 1 y 2 horas
MOTHER,Tatsushi Omori,Japan,1/01/2020,2020,3/11/2020,TV-14,127,Más 2 horas
Mrs. Serial Killer,Shirish Kunder,India,1/01/2020,2020,1/05/2020,TV-MA,107,Entre 1 y 2 horas
Mucho Mucho Amor: The Legend of Walter Mercado,"Cristina Costantini, Kareem Tabsch",United States,1/01/2020,2020,8/07/2020,TV-14,96,Entre 1 y 2 horas
Mutiny of the Worker Bees,Carlos Morett,Mexico,1/01/2020,2020,20/05/2020,TV-MA,94,Entre 1 y 2 horas
My Octopus Teacher,"Pippa Ehrlich, James Reed",South Africa,1/01/2020,2020,7/09/2020,TV-G,86,Entre 1 y 2 horas
Nasha Natasha,Martín Sastre,Uruguay,1/01/2020,2020,6/08/2020,TV-PG,72,Entre 1 y 2 horas
Natalie Palamides: Nate - A One Man Show,Phil Burgers,United States,1/01/2020,2020,1/12/2020,TV-MA,60,Entre 1 y 2 horas
Nobody Knows I'm Here,Gaspar Antillo,Chile,1/01/2020,2020,24/06/2020,TV-MA,92,Entre 1 y 2 horas
Nobody Sleeps in the Woods Tonight,Bartosz M. Kowalski,Poland,1/01/2020,2020,28/10/2020,TV-MA,103,Entre 1 y 2 horas
Norm of the North: Family Vacation,Anthony Bell,United States,1/01/2020,2020,25/05/2020,TV-Y7,89,Entre 1 y 2 horas
Notes for My Son,Carlos Sorín,Argentina,1/01/2020,2020,24/11/2020,TV-MA,84,Entre 1 y 2 horas
Octonauts & the Caves of Sac Actun,Blair Simmons,United Kingdom,1/01/2020,2020,14/08/2020,TV-Y,72,Entre 1 y 2 horas
Octonauts & the Great Barrier Reef,Blair Simmons,United Kingdom,1/01/2020,2020,13/10/2020,TV-Y,47,Menos 1 hora
One Day We'll Talk About Today,Angga Dwimas Sasongko,Indonesia,1/01/2020,2020,23/05/2020,TV-G,128,Más 2 horas
One Take,Manatsanun Phanlerdwongsakul,Thailand,1/01/2020,2020,18/06/2020,TV-G,86,Entre 1 y 2 horas
One-Way to Tomorrow,Ozan Açıktan,Turkey,1/01/2020,2020,19/06/2020,TV-MA,90,Entre 1 y 2 horas
Operation Christmas Drop,Martin Wood,United States,1/01/2020,2020,5/11/2020,TV-G,96,Entre 1 y 2 horas
Pete Davidson: Alive From New York,Jason Orley,United States,1/01/2020,2020,25/02/2020,TV-MA,50,Menos 1 hora
Project Power,"Henry Joost, Ariel Schulman",United States,1/01/2020,2020,14/08/2020,R,113,Entre 1 y 2 horas
Psycho,Mysskin,India,1/01/2020,2020,1/05/2020,TV-MA,143,Más 2 horas
QLIMAX THE SOURCE,"Daan Jansen, Stijn Verlinde",Netherlands,1/01/2020,2020,22/12/2020,TV-14,57,Menos 1 hora
Raat Akeli Hai,Honey Trehan,India,1/01/2020,2020,31/07/2020,TV-MA,150,Más 2 horas
Rebecca,Ben Wheatley,United Kingdom,1/01/2020,2020,21/10/2020,PG-13,123,Más 2 horas
Residue,Merawi Gerima,United States,1/01/2020,2020,17/09/2020,TV-MA,90,Entre 1 y 2 horas
Rhys Nicholson Live at the Athenaeum,Thomas Toby Parkinson,United Kingdom,1/01/2020,2020,20/12/2020,TV-MA,66,Entre 1 y 2 horas
Rich in Love,Bruno Garotti,Brazil,1/01/2020,2020,30/04/2020,TV-14,105,Entre 1 y 2 horas
Ride Like a Girl,Rachel Griffiths,Australia,1/01/2020,2020,27/06/2020,PG,99,Entre 1 y 2 horas
Riding Faith,Paco Aguilar,United States,1/01/2020,2020,17/06/2020,TV-PG,81,Entre 1 y 2 horas
Rising High,Cüneyt Kaya,Germany,1/01/2020,2020,17/04/2020,TV-MA,95,Entre 1 y 2 horas
ROAD TO ROMA,Andres Clariond,Mexico,1/01/2020,2020,11/02/2020,TV-PG,73,Entre 1 y 2 horas
"Rob Schneider: Asian Momma, Mexican Kids",Tyler Spindel,United States,1/01/2020,2020,11/08/2020,TV-MA,44,Menos 1 hora
Rogue City,Olivier Marchal,France,1/01/2020,2020,30/10/2020,TV-MA,116,Entre 1 y 2 horas
Rogue Warfare: The Hunt,Mike Gunther,United States,1/01/2020,2020,1/08/2020,R,104,Entre 1 y 2 horas
Romance Doll,Yuki Tanada,Japan,1/01/2020,2020,24/07/2020,TV-MA,124,Más 2 horas
Rooting for Roona,"Pavitra Chalam, Akshay Shankar",India,1/01/2020,2020,15/10/2020,TV-PG,42,Menos 1 hora
Roped,Shaun Paul Piccinino,United States,1/01/2020,2020,2/05/2020,PG,90,Entre 1 y 2 horas
Rose Island,Sydney Sibilia,Italy,1/01/2020,2020,9/12/2020,TV-14,119,Entre 1 y 2 horas
Sam Jay: 3 In The Morning,Kristian Mercado,United States,1/01/2020,2020,4/08/2020,TV-MA,64,Entre 1 y 2 horas
Sarah Cooper: Everything's Fine,Natasha Lyonne,United States,1/01/2020,2020,27/10/2020,TV-MA,50,Menos 1 hora
Secrets of the Saqqara Tomb,James Tovell,United States,1/01/2020,2020,28/10/2020,TV-PG,114,Entre 1 y 2 horas
Sergio,Greg Barker,United States,1/01/2020,2020,17/04/2020,R,119,Entre 1 y 2 horas
Serious Men,Sudhir Mishra,India,1/01/2020,2020,2/10/2020,TV-MA,115,Entre 1 y 2 horas
Seriously Single,"Katleho Ramaphakela, Rethabile Ramaphakela",South Africa,1/01/2020,2020,31/07/2020,TV-MA,108,Entre 1 y 2 horas
SETHUM AAYIRAM PON,Anand Ravichandran,India,1/01/2020,2020,1/04/2020,TV-MA,103,Entre 1 y 2 horas
Shaun the Sheep: The Farmer’s Llamas,Jay Grace,United Kingdom,1/01/2020,2020,22/12/2020,TV-Y,28,Menos 1 hora
Shawn Mendes: In Wonder,Grant Singer,United States,1/01/2020,2020,23/11/2020,TV-MA,83,Entre 1 y 2 horas
Shimla Mirchi,Ramesh Sippy,India,1/01/2020,2020,27/01/2020,TV-14,121,Más 2 horas
Si Doel the Movie 3,Rano Karno,Indonesia,1/01/2020,2020,23/05/2020,TV-G,93,Entre 1 y 2 horas
Sky Tour: The Movie,Nguyen Thanh Tung,Vietnam,1/01/2020,2020,2/09/2020,TV-G,93,Entre 1 y 2 horas
So Much Love to Give,Marcos Carnevale,Argentina,1/01/2020,2020,9/09/2020,TV-14,108,Entre 1 y 2 horas
Sol Levante,Akira Saitoh,Japan,1/01/2020,2020,2/04/2020,TV-14,5,Menos 1 hora
Spelling the Dream,Sam Rega,United States,1/01/2020,2020,3/06/2020,TV-G,83,Entre 1 y 2 horas
Spenser Confidential,Peter Berg,United States,1/01/2020,2020,6/03/2020,R,111,Entre 1 y 2 horas
Spirit Riding Free: Ride Along Adventure,"Beth Sleven, Allan Jacobsen, Kevin Wotton",United States,1/01/2020,2020,8/12/2020,TV-Y7,79,Entre 1 y 2 horas
StarBeam: Halloween Hero,Jon Izen,Canada,1/01/2020,2020,6/10/2020,TV-Y,33,Menos 1 hora
Straight Up,James Sweeney,United States,1/01/2020,2020,26/06/2020,TV-MA,96,Entre 1 y 2 horas
Sugar High,Ariel Boles,United States,1/01/2020,2020,31/07/2020,TV-G,44,Menos 1 hora
Super Monsters: The New Class,Steve Ball,Canada,1/01/2020,2020,1/08/2020,TV-Y,25,Menos 1 hora
System Crasher,Nora Fingscheidt,Germany,1/01/2020,2020,21/02/2020,TV-MA,120,Entre 1 y 2 horas
Tarung Sarung,Archie Hekagery,Indonesia,1/01/2020,2020,31/12/2020,TV-PG,116,Entre 1 y 2 horas
Taylor Tomlinson: Quarter-Life Crisis,Marcus Raboy,United States,1/01/2020,2020,3/03/2020,TV-MA,61,Entre 1 y 2 horas
The 2nd,Brian Skiba,United States,1/01/2020,2020,30/11/2020,TV-MA,93,Entre 1 y 2 horas
The App That Stole Christmas,Monica Floyd,United States,1/01/2020,2020,20/11/2020,TV-PG,64,Entre 1 y 2 horas
The Babysitter: Killer Queen,McG,United States,1/01/2020,2020,10/09/2020,TV-MA,102,Entre 1 y 2 horas
The Beast,Ludovico Di Martino,Italy,1/01/2020,2020,27/11/2020,TV-MA,100,Entre 1 y 2 horas
The Beginning of Life 2: Outside,Renata Terra,Brazil,1/01/2020,2020,13/11/2020,TV-PG,92,Entre 1 y 2 horas
The Binding,Domenico de Feudis,Italy,1/01/2020,2020,2/10/2020,TV-MA,93,Entre 1 y 2 horas
The Book of Sun,Faris Godus,Saudi Arabia,1/01/2020,2020,1/10/2020,TV-14,120,Entre 1 y 2 horas
The Boss Baby: Get That Baby!,"Dan Forgione, Pete Jacobs, Matt Whitlock",United States,1/01/2020,2020,1/09/2020,TV-Y7,115,Entre 1 y 2 horas
The Boys in the Band,Joe Mantello,United States,1/01/2020,2020,30/09/2020,R,122,Más 2 horas
The Bridge Curse,Lester Hsi,Taiwan,1/01/2020,2020,27/08/2020,TV-MA,88,Entre 1 y 2 horas
The Call,Lee Chung-hyun,South Korea,1/01/2020,2020,27/11/2020,TV-MA,112,Entre 1 y 2 horas
The Christmas Chronicles: Part Two,Chris Columbus,Canada,1/01/2020,2020,25/11/2020,PG,115,Entre 1 y 2 horas
The Claudia Kishi Club,Sue Ding,United States,1/01/2020,2020,10/07/2020,TV-14,17,Menos 1 hora
The Crimes That Bind,Sebastián Schindel,Argentina,1/01/2020,2020,20/08/2020,TV-14,100,Entre 1 y 2 horas
The Debt Collector 2,Jesse V. Johnson,United States,1/01/2020,2020,31/08/2020,TV-MA,97,Entre 1 y 2 horas
The Decline,Patrice Laliberté,Canada,1/01/2020,2020,27/03/2020,TV-MA,83,Entre 1 y 2 horas
The Devil All The Time,Antonio Campos,United States,1/01/2020,2020,16/09/2020,R,139,Más 2 horas
The Forty-Year-Old Version,Radha Blank,United States,1/01/2020,2020,9/10/2020,R,124,Más 2 horas
The Half Of It,Alice Wu,United States,1/01/2020,2020,1/05/2020,PG-13,105,Entre 1 y 2 horas
The Hater,Jan Komasa,Poland,1/01/2020,2020,29/07/2020,TV-MA,136,Más 2 horas
The Heartbreak Club,"Charles Gozali, Bagus Bramanti",Indonesia,1/01/2020,2020,14/01/2021,TV-14,101,Entre 1 y 2 horas
The Larva Island Movie,Ahn Byoung-wook,South Korea,1/01/2020,2020,23/07/2020,TV-Y7,91,Entre 1 y 2 horas
The Last Days of American Crime,Olivier Megaton,United States,1/01/2020,2020,5/06/2020,TV-MA,149,Más 2 horas
The Last Thing He Wanted,Dee Rees,United States,1/01/2020,2020,21/02/2020,R,116,Entre 1 y 2 horas
The Life Ahead,Edoardo Ponti,Italy,1/01/2020,2020,13/11/2020,PG-13,95,Entre 1 y 2 horas
The Lift Boy,Jonathan Augustin,India,1/01/2020,2020,27/04/2020,TV-MA,107,Entre 1 y 2 horas
The Lost Husband,Vicky Wight,United States,1/01/2020,2020,10/08/2020,PG-13,110,Entre 1 y 2 horas
The Lovebirds,Michael Showalter,United States,1/01/2020,2020,22/05/2020,R,87,Entre 1 y 2 horas
The Magic School Bus Rides Again In the Zone,Richard Weston,Canada,1/01/2020,2020,26/12/2020,TV-Y,46,Menos 1 hora
The Magic School Bus Rides Again Kids In Space,Richard Weston,United States,1/01/2020,2020,7/08/2020,TV-Y,46,Menos 1 hora
The Magic School Bus Rides Again The Frizz Connection,Richard Weston,Canada,1/01/2020,2020,20/10/2020,TV-Y,46,Menos 1 hora
The Main Event,Jay Karas,United States,1/01/2020,2020,10/04/2020,TV-G,103,Entre 1 y 2 horas
The Match,Francesco Carnesecchi,Italy,1/01/2020,2020,1/09/2020,TV-MA,97,Entre 1 y 2 horas
The Midnight Sky,George Clooney,United States,1/01/2020,2020,23/12/2020,PG-13,119,Entre 1 y 2 horas
The Night Clerk,Michael Cristofer,United States,1/01/2020,2020,6/06/2020,R,90,Entre 1 y 2 horas
The Occupant,"Àlex Pastor, David Pastor",Spain,1/01/2020,2020,25/03/2020,TV-MA,104,Entre 1 y 2 horas
The Old Guard,Gina Prince-Bythewood,United States,1/01/2020,2020,10/07/2020,R,126,Más 2 horas
The Paramedic,Carles Torras,Spain,1/01/2020,2020,16/09/2020,TV-MA,94,Entre 1 y 2 horas
The Players,Stefano Mordini,Italy,1/01/2020,2020,15/07/2020,TV-MA,89,Entre 1 y 2 horas
The Princess Switch: Switched Again,Mike Rohl,United States,1/01/2020,2020,19/11/2020,TV-G,97,Entre 1 y 2 horas
The Prom,Ryan Murphy,United States,1/01/2020,2020,11/12/2020,PG-13,132,Más 2 horas
The Rope Curse 2,Liao Shih-han,Taiwan,1/01/2020,2020,30/12/2020,TV-MA,105,Entre 1 y 2 horas
The Silent War,Alfonso Cortés-Cavanillas,Spain,1/01/2020,2020,3/02/2020,TV-MA,122,Más 2 horas
The Sleepover,Trish Sie,United States,1/01/2020,2020,21/08/2020,TV-PG,104,Entre 1 y 2 horas
The Social Dilemma,Jeff Orlowski,United States,1/01/2020,2020,9/09/2020,PG-13,94,Entre 1 y 2 horas
The Speed Cubers,Sue Kim,United States,1/01/2020,2020,29/07/2020,TV-PG,41,Menos 1 hora
The Stand at Paxton County,Brett Hedlund,United States,1/01/2020,2020,2/05/2020,R,103,Entre 1 y 2 horas
The Three Deaths of Marisela Escobedo,Carlos Pérez Osorio,Mexico,1/01/2020,2020,14/10/2020,TV-MA,110,Entre 1 y 2 horas
The Vanished,Peter Facinelli,United States,1/01/2020,2020,15/01/2021,R,115,Entre 1 y 2 horas
The Wrong Missy,Tyler Spindel,United States,1/01/2020,2020,13/05/2020,TV-MA,90,Entre 1 y 2 horas
Thiago Ventura: POKAS,"Fabio Ock, Joana Mazzucchelli",Brazil,1/01/2020,2020,2/07/2020,TV-MA,82,Entre 1 y 2 horas
Tigertail,Alan Yang,United States,1/01/2020,2020,10/04/2020,PG,91,Entre 1 y 2 horas
Time to Hunt,Yoon Sung-hyun,South Korea,1/01/2020,2020,23/04/2020,TV-MA,135,Más 2 horas
To All the Boys: P.S. I Still Love You,Michael Fimognari,United States,1/01/2020,2020,12/02/2020,TV-14,102,Entre 1 y 2 horas
Tom Papa: You're Doing Great!,Gregory Jacobs,United States,1/01/2020,2020,4/02/2020,TV-14,60,Entre 1 y 2 horas
Tom Segura: Ball Hog,Rami Hachache,United States,1/01/2020,2020,24/03/2020,TV-MA,70,Entre 1 y 2 horas
Tony Parker: The Final Shot,Florent Bodin,France,1/01/2020,2020,6/01/2021,TV-14,99,Entre 1 y 2 horas
Torbaaz,Girish Malik,India,1/01/2020,2020,11/12/2020,TV-MA,133,Más 2 horas
Tremors: Shrieker Island,Don Michael Paul,United States,1/01/2020,2020,20/10/2020,PG-13,102,Entre 1 y 2 horas
True: Friendship Day,"Mark Thornton, Todd Kauffman",Canada,1/01/2020,2020,1/09/2020,TV-Y,24,Menos 1 hora
True: Wuzzle Wegg Day,"Todd Kauffman, Mark Thornton",Canada,1/01/2020,2020,27/03/2020,TV-Y,24,Menos 1 hora
Twin Murders: the Silence of the White City,Daniel Calparsoro,Spain,1/01/2020,2020,6/03/2020,TV-MA,110,Entre 1 y 2 horas
U-Turn,Derick Cabrido,Philippines,1/01/2020,2020,1/12/2020,TV-MA,99,Entre 1 y 2 horas
Ultras,Francesco Lettieri,Italy,1/01/2020,2020,20/03/2020,TV-MA,109,Entre 1 y 2 horas
Uma Maheswara Ugra Roopasya,Venkatesh Maha,India,1/01/2020,2020,30/07/2020,TV-MA,137,Más 2 horas
Unbreakable Kimmy Schmidt: Kimmy vs. the Reverend,Claire Scanlon,United States,1/01/2020,2020,12/05/2020,TV-14,190,Más 2 horas
Uncorked,Prentice Penny,United States,1/01/2020,2020,27/03/2020,TV-MA,104,Entre 1 y 2 horas
Under the Riccione Sun,Younuts!,Italy,1/01/2020,2020,1/07/2020,TV-MA,102,Entre 1 y 2 horas
Unknown Origins,David Galán Galindo,Spain,1/01/2020,2020,28/08/2020,TV-MA,97,Entre 1 y 2 horas
Uppity: The Willy T. Ribbs Story,"Nate Adams, Adam Carolla",United States,1/01/2020,2020,5/02/2020,TV-MA,106,Entre 1 y 2 horas
Urzila Carlson: Overqualified Loser,Hayden Guppy,Australia,1/01/2020,2020,14/07/2020,TV-MA,62,Entre 1 y 2 horas
Vampires vs. the Bronx,Oz Rodriguez,United States,1/01/2020,2020,2/10/2020,PG-13,86,Entre 1 y 2 horas
Varane Avashyamund,Anoop Sathyan,India,1/01/2020,2020,20/04/2020,TV-14,144,Más 2 horas
Villain,Philip Barantini,United Kingdom,1/01/2020,2020,5/09/2020,R,97,Entre 1 y 2 horas
Vir Das: For India,"Vir Das, Ajay Bhuyan",India,1/01/2020,2020,26/01/2020,TV-MA,76,Entre 1 y 2 horas
Vir Das: Outside In - The Lockdown Special,Vir Das,India,1/01/2020,2020,16/12/2020,TV-MA,50,Menos 1 hora
We Are One,Stéphane de Freitas,France,1/01/2020,2020,14/07/2020,TV-MA,86,Entre 1 y 2 horas
We Can Be Heroes,Robert Rodriguez,United States,1/01/2020,2020,25/12/2020,PG,101,Entre 1 y 2 horas
Welcome to Sudden Death,Dallas Jackson,United States,1/01/2020,2020,29/09/2020,R,80,Entre 1 y 2 horas
What Are the Odds?,Megha Ramaswamy,India,1/01/2020,2020,20/05/2020,TV-MA,92,Entre 1 y 2 horas
WHAT DID JACK DO?,David Lynch,United States,1/01/2020,2020,20/01/2020,TV-14,17,Menos 1 hora
What We Wanted,Ulrike Kofler,Austria,1/01/2020,2020,11/11/2020,TV-MA,93,Entre 1 y 2 horas
Wheels of Fortune,Shaun Paul Piccinino,United States,1/01/2020,2020,1/11/2020,R,107,Entre 1 y 2 horas
Whipped,Chandra Liow,Indonesia,1/01/2020,2020,18/09/2020,TV-14,98,Entre 1 y 2 horas
Work It,Laura Terruso,United States,1/01/2020,2020,7/08/2020,TV-14,94,Entre 1 y 2 horas
World Famous Lover,Kranthi Madhav,India,1/01/2020,2020,15/04/2020,TV-MA,147,Más 2 horas
Yeh Ballet,Sooni Taraporevala,India,1/01/2020,2020,21/02/2020,TV-MA,117,Entre 1 y 2 horas
"Yes, God, Yes",Karen Maine,United States,1/01/2020,2020,22/10/2020,R,78,Entre 1 y 2 horas
You Are My Home,Amanda Raymond,United States,1/01/2020,2020,4/12/2020,TV-PG,93,Entre 1 y 2 horas
You've Got This,Salvador Espinosa,Mexico,1/01/2020,2020,2/10/2020,TV-MA,112,Entre 1 y 2 horas
Your Name Engraved Herein,Liu Kuang-hui,Taiwan,1/01/2020,2020,23/12/2020,TV-MA,115,Entre 1 y 2 horas
"Yours Sincerely, Kanan Gill",Neville Shah,India,1/01/2020,2020,24/04/2020,TV-MA,72,Entre 1 y 2 horas